<?xml version="1.0" encoding="UTF-8"?>
<project-private xmlns="http://www.netbeans.org/ns/project-private/1">
    <editor-bookmarks xmlns="http://www.netbeans.org/ns/editor-bookmarks/2" lastBookmarkId="0"/>
    <open-files xmlns="http://www.netbeans.org/ns/projectui-open-files/2">
        <group>
            <file>file:/D:/PIC/PIC16F877A/PIC%20Code/Lithium_power_trial1.X/main.c</file>
            <file>file:/D:/PIC/PIC16F877A/PIC%20Code/Lithium_power_trial1.X/clcd.h</file>
            <file>file:/D:/PIC/PIC16F877A/PIC%20Code/Lithium_power_trial1.X/clcd.c</file>
        </group>
    </open-files>
</project-private>
